bmi,age,activity_score,sleep_hours,sleep_adequacy,hydration_ratio,hydration_adequacy,exercise_minutes,exercise_adequacy,steps_ratio,calorie_ratio,stress_level,goal_code,gender_code,wellness_category
30.41,56,2,6.2,0,0.66,0,9.0,0,1.082,1.162,4,3,1,weight_management
27.42,32,4,6.21,0,0.939,1,17.0,0,0.869,1.073,2,4,0,weight_management
23.86,60,2,7.78,1,0.788,0,13.0,0,1.089,0.774,3,4,1,fitness_improvement
22.12,34,1,7.18,1,1.348,1,16.0,0,1.15,0.955,4,4,1,hydration_focus
29.01,25,4,6.04,0,0.696,0,2.0,0,0.543,1.017,2,2,1,activity_focus
25.09,49,3,6.05,0,1.266,1,75.0,1,1.03,1.098,2,3,0,weight_management
23.07,34,2,6.71,0,0.855,0,12.0,0,0.317,1.208,3,5,1,balanced_wellness
24.1,54,2,7.52,1,0.558,0,24.0,0,0.493,1.029,2,4,2,hydration_focus
26.34,44,2,7.23,1,0.832,0,43.0,1,0.699,0.595,2,0,0,weight_management
21.53,31,1,4.92,0,0.382,0,32.0,1,1.347,1.099,4,3,2,sleep_focus
30.19,42,2,7.19,1,0.59,0,8.0,0,0.832,1.009,3,6,1,hydration_focus
42.89,38,3,6.69,0,1.107,1,50.0,1,0.563,1.012,5,6,0,weight_management
25.3,25,4,6.08,0,0.793,0,23.0,0,1.859,0.925,3,4,2,weight_management
15.29,46,2,7.61,1,0.998,1,3.0,0,1.031,1.201,4,6,0,weight_management
25.65,59,3,8.06,1,0.606,0,5.0,0,0.279,0.779,2,5,0,activity_focus
32.39,56,2,4.87,0,0.96,1,23.0,0,0.692,0.944,4,5,1,sleep_focus
23.91,51,3,7.04,1,0.998,1,63.0,1,0.708,1.038,5,5,0,balanced_wellness
22.34,28,2,7.16,1,0.839,0,18.0,0,0.193,1.369,1,4,1,fitness_improvement
28.58,29,2,7.3,1,0.59,0,82.0,1,0.748,1.171,1,0,0,hydration_focus
25.82,49,1,7.41,1,0.73,0,49.0,1,0.478,0.776,4,5,1,weight_management
15.21,52,3,5.9,0,0.978,1,11.0,0,0.493,0.976,5,1,1,sleep_focus
35.04,22,3,8.92,1,0.624,0,11.0,0,0.693,0.582,2,5,1,weight_management
23.33,60,1,4.45,0,0.691,0,5.0,0,0.918,1.147,1,6,2,sleep_focus
30.52,23,2,5.61,0,0.807,0,22.0,0,0.383,1.073,1,0,2,sleep_focus
48.91,45,2,6.74,0,0.904,1,16.0,0,1.499,1.054,3,0,1,weight_management
32.24,59,4,8.55,1,0.689,0,85.0,1,1.161,0.739,2,0,0,weight_management
29.28,37,3,5.26,0,0.731,0,8.0,0,0.95,1.109,1,1,0,sleep_focus
31.82,42,2,9.33,1,0.348,0,10.0,0,0.503,0.949,5,5,1,hydration_focus
18.17,44,2,7.14,1,0.828,0,12.0,0,1.622,0.854,2,6,0,weight_management
16.31,22,2,7.41,1,1.802,1,36.0,1,0.037,0.738,5,2,0,weight_management
35.01,41,4,8.53,1,0.739,0,33.0,1,1.083,1.142,3,3,1,weight_management
36.89,27,2,6.92,0,0.909,1,3.0,0,0.943,1.046,1,3,1,weight_management
27.43,66,3,6.68,0,0.917,1,20.0,0,0.921,0.779,1,3,2,weight_management
23.42,32,1,4.22,0,1.047,1,34.0,1,0.876,0.951,2,6,1,weight_management
37.82,44,1,7.3,1,1.22,1,77.0,1,0.088,1.243,1,2,1,weight_management
18.93,29,1,6.72,0,0.946,1,20.0,0,0.16,1.227,2,6,1,balanced_wellness
27.96,54,1,7.1,1,0.585,0,62.0,1,0.936,1.272,5,0,0,hydration_focus
24.28,20,2,7.03,1,0.461,0,18.0,0,0.757,0.891,5,6,0,hydration_focus
19.53,42,3,8.65,1,0.77,0,25.0,0,0.749,1.328,5,1,1,fitness_improvement
29.75,32,1,6.35,0,0.825,0,5.0,0,0.143,1.162,2,2,2,activity_focus
33.17,51,2,6.1,0,0.625,0,41.0,1,1.046,0.794,1,4,1,weight_management
38.12,57,1,8.4,1,0.363,0,7.0,0,0.497,0.945,1,2,1,hydration_focus
23.88,32,3,6.52,0,0.593,0,36.0,1,1.221,1.045,5,5,1,hydration_focus
18.26,19,3,5.48,0,1.065,1,17.0,0,1.284,0.741,2,0,0,sleep_focus
19.72,38,1,5.28,0,0.689,0,26.0,0,0.797,0.554,2,2,1,sleep_focus
30.96,46,2,7.66,1,0.822,0,17.0,0,0.975,1.025,4,4,2,weight_management
14.83,36,3,8.09,1,0.682,0,59.0,1,1.032,0.902,4,3,1,weight_management
17.46,56,3,7.14,1,0.306,0,19.0,0,0.753,0.824,5,4,1,hydration_focus
19.66,45,2,6.46,0,0.302,0,5.0,0,0.179,0.796,2,1,1,hydration_focus
18.19,67,3,6.2,0,1.445,1,41.0,1,0.956,1.219,2,2,0,weight_management
28.9,16,2,7.32,1,1.138,1,2.0,0,1.231,1.333,3,2,0,weight_management
29.6,17,3,5.55,0,0.85,0,22.0,0,0.826,0.937,5,6,0,sleep_focus
29.5,44,3,5.7,0,0.808,0,19.0,0,0.549,1.319,5,0,1,sleep_focus
22.28,34,4,7.34,1,0.92,1,6.0,0,0.549,1.13,4,0,1,activity_focus
20.07,33,3,8.37,1,1.215,1,14.0,0,1.275,1.183,5,6,0,balanced_wellness
17.07,68,3,7.35,1,0.673,0,21.0,0,0.43,0.941,1,1,0,weight_management
14.42,34,4,6.02,0,0.939,1,3.0,0,0.953,0.726,4,5,2,weight_management
19.37,42,4,6.72,0,0.574,0,43.0,1,1.209,1.249,2,0,1,hydration_focus
29.22,58,3,6.63,0,0.809,0,23.0,0,0.476,1.134,4,0,2,weight_management
23.77,55,1,8.49,1,1.414,1,23.0,0,1.146,0.997,4,6,0,balanced_wellness
31.53,67,4,8.37,1,0.666,0,6.0,0,0.816,1.061,3,4,2,weight_management
32.72,53,2,6.49,0,1.054,1,10.0,0,0.499,1.067,2,3,1,activity_focus
24.47,40,2,7.2,1,0.885,0,28.0,0,1.157,0.732,1,2,1,fitness_improvement
17.71,58,1,7.65,1,0.733,0,58.0,1,0.593,0.765,3,4,0,weight_management
27.47,41,2,7.28,1,0.592,0,7.0,0,0.441,0.595,1,4,1,hydration_focus
36.99,32,3,7.88,1,0.674,0,16.0,0,0.76,1.101,4,5,1,weight_management
30.89,23,2,6.82,0,0.718,0,89.0,1,0.578,1.029,5,2,0,weight_management
27.27,18,1,8.0,1,0.478,0,23.0,0,0.226,0.995,1,0,1,hydration_focus
23.23,67,4,6.95,0,0.541,0,24.0,0,1.226,1.204,3,5,1,hydration_focus
15.44,49,3,7.56,1,0.523,0,36.0,1,1.005,1.03,2,2,0,hydration_focus
14.86,56,2,8.45,1,0.297,0,18.0,0,0.631,1.19,3,3,0,hydration_focus
21.98,24,1,7.15,1,0.747,0,63.0,1,0.5,1.029,4,5,0,balanced_wellness
23.63,20,1,6.07,0,0.477,0,25.0,0,0.726,1.111,3,2,0,hydration_focus
20.27,46,3,7.17,1,0.698,0,49.0,1,0.471,0.901,3,3,1,balanced_wellness
22.23,40,2,7.74,1,0.803,0,26.0,0,0.767,0.979,5,1,1,fitness_improvement
17.74,67,2,4.43,0,0.523,0,77.0,1,0.611,1.262,4,2,0,sleep_focus
20.79,67,2,8.74,1,0.48,0,54.0,1,0.133,1.24,1,2,1,hydration_focus
21.98,65,1,6.14,0,0.855,0,14.0,0,0.158,1.398,1,6,0,balanced_wellness
26.49,30,3,6.1,0,0.455,0,19.0,0,0.869,0.895,3,6,0,hydration_focus
19.18,17,1,7.42,1,1.233,1,66.0,1,0.559,0.977,1,6,0,balanced_wellness
33.64,20,1,8.13,1,0.39,0,26.0,0,0.633,0.958,1,4,1,hydration_focus
39.94,54,3,5.44,0,0.673,0,42.0,1,0.076,0.974,1,1,1,sleep_focus
15.04,30,3,5.85,0,1.068,1,39.0,1,1.077,1.319,2,0,0,sleep_focus
29.2,55,1,8.84,1,0.228,0,92.0,1,0.965,0.921,5,0,1,hydration_focus
16.7,65,1,6.43,0,0.718,0,8.0,0,1.275,1.085,5,0,0,weight_management
22.83,26,1,5.49,0,0.134,0,45.0,1,1.265,1.305,3,5,0,sleep_focus
20.77,34,1,7.63,1,0.693,0,35.0,1,0.203,0.969,1,1,0,fitness_improvement
35.39,48,2,7.07,1,1.102,1,20.0,0,1.153,1.171,4,6,0,weight_management
20.03,59,1,5.89,0,1.38,1,18.0,0,0.547,0.947,5,3,1,sleep_focus
21.42,35,3,8.03,1,0.881,0,13.0,0,1.27,1.211,3,3,0,balanced_wellness
33.16,26,2,5.53,0,0.896,0,8.0,0,0.392,0.748,3,5,1,sleep_focus
31.48,45,2,5.44,0,0.884,0,6.0,0,1.382,1.07,4,1,1,sleep_focus
22.7,55,4,7.3,1,0.908,1,22.0,0,0.037,0.902,3,3,0,balanced_wellness
25.55,57,2,6.33,0,1.064,1,28.0,0,1.181,0.959,4,4,0,weight_management
23.36,31,2,8.65,1,0.4,0,33.0,1,1.136,1.05,5,4,0,hydration_focus
25.12,54,1,7.73,1,0.972,1,28.0,0,0.037,1.18,1,0,1,weight_management
16.28,52,4,6.89,0,0.933,1,4.0,0,1.473,1.321,3,1,0,weight_management
23.76,64,2,5.22,0,0.964,1,1.0,0,1.941,1.153,4,5,1,sleep_focus
29.26,25,2,7.41,1,0.497,0,24.0,0,0.918,1.361,5,5,0,hydration_focus
32.27,47,2,6.67,0,0.93,1,17.0,0,1.037,0.903,2,3,0,weight_management
20.42,19,3,5.78,0,0.533,0,26.0,0,0.987,1.059,5,2,0,sleep_focus
34.79,53,1,5.1,0,0.853,0,34.0,1,0.314,0.886,1,0,1,hydration_focus
25.63,49,4,6.4,0,0.5,0,3.0,0,0.806,1.094,5,6,1,hydration_focus
21.11,19,2,9.01,1,0.677,0,46.0,1,0.715,1.007,3,3,0,balanced_wellness
29.61,33,1,7.03,1,0.596,0,15.0,0,0.56,0.947,2,6,1,hydration_focus
27.72,36,3,6.13,0,0.787,0,14.0,0,1.172,1.271,4,0,1,activity_focus
18.79,58,2,5.43,0,0.806,0,39.0,1,0.908,1.071,3,6,1,sleep_focus
32.13,19,2,5.63,0,0.914,1,23.0,0,0.299,1.435,4,0,0,sleep_focus
24.35,27,3,6.83,0,0.787,0,22.0,0,0.602,1.272,1,6,1,balanced_wellness
37.41,58,3,6.74,0,0.977,1,7.0,0,0.624,1.151,1,4,0,weight_management
29.52,33,2,8.28,1,0.809,0,14.0,0,0.82,0.995,2,1,2,weight_management
14.87,50,3,8.45,1,0.725,0,9.0,0,0.601,0.956,5,6,1,weight_management
17.08,17,2,8.71,1,0.316,0,24.0,0,0.478,0.8,2,0,1,hydration_focus
26.63,26,3,4.5,0,0.839,0,8.0,0,0.987,1.062,3,1,0,sleep_focus
24.24,34,1,7.18,1,0.722,0,35.0,1,0.771,1.339,2,2,0,fitness_improvement
24.95,43,3,5.54,0,0.412,0,42.0,1,0.374,0.937,4,3,0,sleep_focus
20.08,59,1,6.61,0,0.889,0,9.0,0,1.218,0.799,1,5,0,balanced_wellness
18.59,22,1,7.8,1,0.653,0,29.0,0,1.365,1.201,4,4,2,fitness_improvement
28.55,41,2,7.89,1,0.939,1,30.0,1,0.713,0.818,3,1,1,weight_management
22.32,41,3,8.73,1,1.0,1,24.0,0,0.917,1.334,1,5,1,balanced_wellness
22.6,22,3,6.54,0,0.609,0,36.0,1,1.074,0.79,3,5,1,balanced_wellness
26.9,42,3,7.81,1,0.765,0,49.0,1,0.689,1.22,4,2,0,weight_management
27.25,48,1,6.07,0,0.101,0,8.0,0,1.491,1.131,5,1,1,hydration_focus
25.07,20,1,8.34,1,0.339,0,39.0,1,0.648,0.922,2,4,1,hydration_focus
33.34,27,3,7.48,1,0.704,0,7.0,0,1.257,0.69,4,1,0,weight_management
20.53,35,1,7.54,1,0.55,0,8.0,0,0.5,0.922,1,1,1,hydration_focus
36.82,27,1,8.06,1,1.066,1,44.0,1,0.377,0.672,3,6,2,sleep_focus
26.96,62,2,7.64,1,1.091,1,31.0,1,0.111,0.869,3,6,1,weight_management
27.95,40,3,7.55,1,0.369,0,43.0,1,1.117,1.426,3,3,2,hydration_focus
30.9,50,1,7.67,1,0.745,0,19.0,0,1.331,0.916,4,2,2,weight_management
32.72,48,3,6.94,0,0.676,0,24.0,0,1.043,1.211,4,4,1,weight_management
18.53,33,3,4.55,0,0.973,1,14.0,0,0.821,1.394,3,5,0,sleep_focus
19.7,68,3,6.99,0,0.989,1,19.0,0,1.026,1.221,1,4,0,fitness_improvement
21.13,55,2,5.3,0,0.976,1,16.0,0,0.686,0.962,2,1,0,sleep_focus
22.85,22,1,7.09,1,0.876,0,7.0,0,0.094,1.176,3,6,2,activity_focus
23.73,56,2,6.9,0,0.393,0,4.0,0,0.512,0.87,3,2,0,hydration_focus
13.6,20,3,7.61,1,0.361,0,15.0,0,1.008,1.009,1,6,1,hydration_focus
22.04,53,3,7.48,1,1.177,1,38.0,1,1.216,0.832,1,0,2,balanced_wellness
24.33,54,1,6.3,0,0.807,0,43.0,1,0.944,1.107,2,3,0,balanced_wellness
22.3,31,1,4.81,0,1.008,1,42.0,1,0.397,0.972,2,2,0,sleep_focus
26.7,59,2,6.41,0,1.088,1,20.0,0,1.49,0.927,2,0,2,weight_management
17.84,62,1,7.58,1,0.831,0,9.0,0,1.316,0.777,5,5,0,weight_management
32.92,26,1,7.13,1,0.42,0,13.0,0,1.315,1.018,4,1,1,hydration_focus
35.22,59,3,6.55,0,0.619,0,52.0,1,0.683,1.056,2,6,0,weight_management
25.94,62,4,4.71,0,0.72,0,43.0,1,1.117,1.253,3,6,1,sleep_focus
30.35,46,3,6.99,0,0.405,0,5.0,0,0.732,1.091,2,5,1,fitness_improvement
20.72,16,1,7.23,1,0.849,0,19.0,0,1.112,0.964,1,6,1,balanced_wellness
25.75,49,1,7.22,1,0.77,0,56.0,1,0.751,0.874,5,2,2,weight_management
24.47,68,2,4.7,0,0.461,0,20.0,0,0.864,1.035,4,0,1,sleep_focus
17.81,32,1,7.23,1,0.793,0,5.0,0,0.121,0.769,2,3,1,activity_focus
22.36,23,4,6.46,0,0.973,1,11.0,0,1.013,0.779,2,2,1,fitness_improvement
14.24,35,2,7.52,1,1.196,1,21.0,0,1.17,0.961,1,5,0,weight_management
24.19,42,1,8.28,1,1.304,1,21.0,0,0.099,0.892,4,0,1,balanced_wellness
19.2,24,3,5.4,0,0.721,0,5.0,0,0.262,1.233,5,3,0,sleep_focus
18.76,68,2,6.36,0,0.877,0,24.0,0,0.212,1.116,5,0,0,balanced_wellness
28.59,18,3,7.55,1,0.779,0,11.0,0,0.775,0.76,1,1,0,weight_management
21.47,39,2,6.03,0,1.298,1,19.0,0,0.311,0.919,2,4,2,fitness_improvement
24.2,46,1,3.0,0,1.021,1,52.0,1,0.985,0.915,1,2,0,sleep_focus
38.88,45,1,6.27,0,0.855,0,37.0,1,0.875,0.954,5,3,0,weight_management
24.87,51,1,4.27,0,0.51,0,9.0,0,0.664,1.16,4,2,0,sleep_focus
27.1,27,2,6.06,0,0.783,0,13.0,0,0.898,0.906,1,0,0,weight_management
27.93,67,1,7.31,1,0.961,1,78.0,1,1.251,0.762,3,5,1,weight_management
31.09,27,3,5.8,0,0.574,0,43.0,1,0.972,0.843,4,1,1,sleep_focus
30.77,17,1,9.26,1,1.146,1,41.0,1,0.586,1.337,5,2,0,weight_management
24.96,45,2,8.4,1,1.251,1,18.0,0,1.502,1.108,2,4,1,fitness_improvement
24.69,47,3,8.94,1,1.166,1,46.0,1,0.541,1.05,4,4,0,fitness_improvement
48.85,38,1,8.11,1,1.068,1,3.0,0,0.617,0.795,2,6,1,weight_management
27.6,40,1,7.19,1,0.298,0,49.0,1,0.721,0.944,5,5,1,hydration_focus
35.47,19,1,4.97,0,0.787,0,32.0,1,0.813,0.867,5,0,1,sleep_focus
20.0,37,4,7.83,1,0.767,0,30.0,1,0.901,0.804,5,4,0,fitness_improvement
22.44,61,3,9.59,1,0.856,0,12.0,0,0.078,0.716,2,4,2,fitness_improvement
22.39,24,1,7.57,1,0.908,1,21.0,0,1.127,1.434,5,4,0,fitness_improvement
21.63,29,4,8.85,1,0.675,0,18.0,0,0.799,1.025,3,1,0,fitness_improvement
29.69,19,2,7.4,1,0.819,0,55.0,1,1.483,0.97,2,5,0,weight_management
18.45,50,3,7.8,1,0.659,0,21.0,0,0.625,0.939,1,0,0,weight_management
30.15,63,2,6.5,0,0.466,0,1.0,0,0.834,0.841,1,5,0,hydration_focus
12.73,50,3,5.86,0,0.749,0,5.0,0,0.943,1.023,4,3,0,sleep_focus
36.13,38,4,4.49,0,1.09,1,16.0,0,1.358,1.143,1,4,1,sleep_focus
21.77,46,1,6.57,0,0.765,0,53.0,1,1.097,0.78,5,0,0,balanced_wellness
17.99,27,2,7.35,1,0.783,0,24.0,0,0.381,1.375,4,3,0,weight_management
23.79,32,1,7.7,1,0.837,0,34.0,1,0.281,0.905,2,0,1,balanced_wellness
20.41,64,1,6.01,0,0.955,1,22.0,0,0.498,0.934,3,0,1,balanced_wellness
31.31,68,4,6.14,0,1.032,1,24.0,0,1.033,0.963,3,4,1,weight_management
29.66,43,3,8.22,1,0.898,0,24.0,0,0.681,1.343,4,3,1,weight_management
25.51,36,3,6.28,0,0.304,0,5.0,0,0.037,1.086,1,3,0,hydration_focus
24.41,20,2,5.59,0,0.735,0,6.0,0,0.757,1.023,2,5,0,sleep_focus
38.19,27,1,8.34,1,0.595,0,1.0,0,0.475,0.925,1,4,1,hydration_focus
22.49,43,3,6.04,0,0.752,0,44.0,1,0.215,1.191,3,0,0,balanced_wellness
18.71,27,1,8.06,1,0.719,0,49.0,1,0.728,0.498,4,6,0,balanced_wellness
36.37,32,1,3.44,0,0.504,0,9.0,0,1.024,0.945,5,6,2,sleep_focus
22.88,62,2,7.4,1,0.753,0,5.0,0,1.056,1.006,3,5,0,balanced_wellness
30.66,40,1,6.27,0,0.364,0,45.0,1,1.05,0.778,1,2,0,hydration_focus
21.27,53,3,5.92,0,0.554,0,27.0,0,0.44,0.703,5,5,0,sleep_focus
28.52,66,4,6.84,0,0.851,0,20.0,0,1.018,0.895,5,1,0,weight_management
27.31,17,1,8.6,1,1.092,1,13.0,0,0.988,0.559,2,0,0,weight_management
33.58,66,1,8.53,1,0.785,0,43.0,1,1.295,0.98,1,0,1,weight_management
36.41,28,1,7.5,1,0.601,0,29.0,0,0.773,0.816,1,0,1,weight_management
26.55,52,4,7.29,1,0.946,1,11.0,0,0.994,0.898,5,3,1,weight_management
14.49,47,2,5.61,0,0.706,0,26.0,0,0.871,1.31,4,1,0,sleep_focus
20.21,68,1,6.88,0,0.784,0,20.0,0,0.479,1.041,5,2,0,fitness_improvement
